id,name,sector_id
110101,Akabahizi,1101
110102,Akabeza,1101
110103,Gacyamo,1101
110104,Kigarama,1101
110105,Kinyange,1101
110106,Kora,1101
110201,Nyamweru,1102
110202,Nzove,1102
110203,Taba,1102
110301,Kigali,1103
110302,Mwendo,1103
110303,Nyabugogo,1103
110304,Ruriba,1103
110305,Rwesero,1103
110401,Kamuhoza,1104
110402,Katabaro,1104
110403,Kimisagara,1104
110501,Kankuba,1105
110502,Kavumu,1105
110503,Mataba,1105
110504,Ntungamo,1105
110505,Nyarufunzo,1105
110506,Nyarurenzi,1105
110507,Runzenze,1105
110601,Amahoro,1106
110602,Kabasengerezi,1106
110603,Kabeza,1106
110604,Nyabugogo,1106
110605,Rugenge,1106
110606,Tetero,1106
110607,Ubumwe,1106
110701,Munanira I,1107
110702,Munanira Ii,1107
110703,Nyakabanda I,1107
110704,Nyakabanda Ii,1107
110801,Cyivugiza,1108
110802,Gasharu,1108
110803,Mumena,1108
110804,Rugarama,1108
110901,Agatare,1109
110902,Biryogo,1109
110903,Kiyovu,1109
110904,Rwampara,1109
111001,Kabuguru I,1110
111002,Kabuguru Ii,1110
111003,Rwezamenyo I,1110
111004,Rwezamenyo Ii,1110
120101,Kinyaga,1201
120102,Musave,1201
120103,Mvuzo,1201
120104,Ngara,1201
120105,Nkuzuzu,1201
120106,Nyabikenke,1201
120107,Nyagasozi,1201
120201,Karuruma,1202
120202,Nyamabuye,1202
120203,Nyamugari,1202
120301,Gasagara,1203
120302,Gicaca,1203
120303,Kibara,1203
120304,Munini,1203
120305,Murambi,1203
120401,Musezero,1204
120402,Ruhango,1204
120501,Akamatamu,1205
120502,Bweramvura,1205
120503,Kabuye,1205
120504,Kidashya,1205
120505,Ngiryi,1205
120601,Agateko,1206
120602,Buhiza,1206
120603,Muko,1206
120604,Nkusi,1206
120605,Nyabuliba,1206
120606,Nyakabungo,1206
120607,Nyamitanga,1206
120701,Kamatamu,1207
120702,Kamutwa,1207
120703,Kibaza,1207
120801,Kamukina,1208
120802,Kimihurura,1208
120803,Rugando,1208
120901,Bibare,1209
120902,Kibagabaga,1209
120903,Nyagatovu,1209
121001,Gacuriro,1210
121002,Gasharu,1210
121003,Kagugu,1210
121004,Murama,1210
121101,Bwiza,1211
121102,Cyaruzinge,1211
121103,Kibenga,1211
121104,Masoro,1211
121105,Mukuyu,1211
121106,Rudashya,1211
121201,Butare,1212
121202,Gasanze,1212
121203,Gasura,1212
121204,Gatunga,1212
121205,Muremure,1212
121206,Sha,1212
121207,Shango,1212
121301,Nyabisindu,1213
121302,Nyarutarama,1213
121303,Rukiri I,1213
121304,Rukiri Ii,1213
121401,Bisenga,1214
121402,Gasagara,1214
121403,Kabuga I,1214
121404,Kabuga Ii,1214
121405,Kinyana,1214
121406,Mbandazi,1214
121407,Nyagahinga,1214
121408,Ruhanga,1214
121501,Gasabo,1215
121502,Indatemwa,1215
121503,Kabaliza,1215
121504,Kacyatwa,1215
121505,Kibenga,1215
121506,Kigabiro,1215
130101,Gahanga,1301
130102,Kagasa,1301
130103,Karembure,1301
130104,Murinja,1301
130105,Nunga,1301
130106,Rwabutenge,1301
130201,Gatenga,1302
130202,Karambo,1302
130203,Nyanza,1302
130204,Nyarurama,1302
130301,Kagunga,1303
130302,Kanserege,1303
130303,Kinunga,1303
130401,Kanserege,1304
130402,Muyange,1304
130403,Rukatsa,1304
130501,Busanza,1305
130502,Kabeza,1305
130503,Karama,1305
130504,Rubirizi,1305
130601,Gasharu,1306
130602,Kagina,1306
130603,Kicukiro,1306
130604,Ngoma,1306
130701,Bwerankori,1307
130702,Karugira,1307
130703,Kigarama,1307
130704,Nyarurama,1307
130705,Rwampara,1307
130801,Ayabaraya,1308
130802,Cyimo,1308
130803,Gako,1308
130804,Gitaraga,1308
130805,Mbabe,1308
130806,Rusheshe,1308
130901,Gatare,1309
130902,Niboye,1309
130903,Nyakabanda,1309
131001,Kamashashi,1310
131002,Nonko,1310
131003,Rwimbogo,1310
210101,Gahondo,2101
210102,Kavumu,2101
210103,Kibinja,2101
210104,Nyanza,2101
210105,Rwesero,2101
210201,Gitovu,2102
210202,Kimirama,2102
210203,Masangano,2102
210204,Munyinya,2102
210205,Rukingiro,2102
210206,Shyira,2102
210301,Kadaho,2103
210302,Karama,2103
210303,Nyabinyenga,2103
210304,Nyarurama,2103
210305,Rubona,2103
210401,Cyeru,2104
210402,Mbuye,2104
210403,Mututu,2104
210404,Rwotso,2104
210501,Butansinda,2105
210502,Butara,2105
210503,Gahombo,2105
210504,Gasoro,2105
210505,Mulinja,2105
210601,Cyerezo,2106
210602,Gatagara,2106
210603,Kiruli,2106
210604,Mpanga,2106
210605,Ngwa,2106
210606,Nkomero,2106
210701,Gati,2107
210702,Migina,2107
210703,Nyamiyaga,2107
210704,Nyamure,2107
210705,Nyundo,2107
210801,Bugali,2108
210802,Cyotamakara,2108
210803,Kagunga,2108
210804,Katarara,2108
210901,Gahunga,2109
210902,Kabirizi,2109
210903,Kabuga,2109
210904,Kirambi,2109
210905,Rurangazi,2109
211001,Gacu,2110
211002,Gishike,2110
211003,Mubuga,2110
211004,Mushirarungu,2110
211005,Nyarusange,2110
211006,Runga,2110
220101,Cyiri,2201
220102,Gasagara,2201
220103,Gikonko,2201
220104,Mbogo,2201
220201,Gabiro,2202
220202,Nyabitare,2202
220203,Nyakibungo,2202
220204,Nyeranzi,2202
220301,Akaboti,2203
220302,Bwiza,2203
220303,Sabusaro,2203
220304,Umunini,2203
220401,Duwani,2204
220402,Kibirizi,2204
220403,Muyira,2204
220404,Ruturo,2204
220501,Agahabwa,2205
220502,Gatovu,2205
220503,Impinga,2205
220504,Nyabikenke,2205
220505,Rubona,2205
220506,Rusagara,2205
220601,Gakoma,2206
220602,Kabumbwe,2206
220603,Mamba,2206
220604,Muyaga,2206
220605,Ramba,2206
220701,Cyumba,2207
220702,Muganza,2207
220703,Remera,2207
220704,Rwamiko,2207
220705,Saga,2207
220801,Baziro,2208
220802,Kibayi,2208
220803,Kibu,2208
220804,Mugombwa,2208
220805,Mukomacara,2208
220901,Gitega,2209
220902,Mukiza,2209
220903,Nyabisagara,2209
220904,Runyinya,2209
221001,Bukinanyana,2210
221002,Gatovu,2210
221003,Kigarama,2210
221004,Kimana,2210
221101,Bweya,2211
221102,Cyamukuza,2211
221103,Dahwe,2211
221104,Gisagara,2211
221105,Mukande,2211
221201,Higiro,2212
221202,Nyamugari,2212
221203,Nyaruteja,2212
221204,Umubanga,2212
221301,Gatoki,2213
221302,Munazi,2213
221303,Rwanza,2213
221304,Shyanda,2213
221305,Zivu,2213
230101,Kirarangombe,2301
230102,Nkanda,2301
230103,Nteko,2301
230104,Runyombyi,2301
230105,Shororo,2301
230201,Coko,2302
230202,Cyahinda,2302
230203,Gasasa,2302
230204,Muhambara,2302
230205,Rutobwe,2302
230301,Gakoma,2303
230302,Kibeho,2303
230303,Mbasa,2303
230304,Mpanda,2303
230305,Mubuga,2303
230306,Nyange,2303
230401,Cyanyirankora,2304
230402,Gahurizo,2304
230403,Kimina,2304
230404,Kivu,2304
230405,Rugerero,2304
230501,Gorwe,2305
230502,Murambi,2305
230503,Nyamabuye,2305
230504,Ramba,2305
230505,Rwamiko,2305
230601,Muganza,2306
230602,Rukore,2306
230603,Samiyonga,2306
230604,Uwacyiza,2306
230701,Giheta,2307
230702,Ngarurira,2307
230703,Ngeri,2307
230704,Ntwali,2307
230705,Nyarure,2307
230801,Bitare,2308
230802,Mukuge,2308
230803,Murama,2308
230804,Nyamirama,2308
230805,Nyanza,2308
230806,Yaramba,2308
230901,Fugi,2309
230902,Kibangu,2309
230903,Kiyonza,2309
230904,Mbuye,2309
230905,Nyamirama,2309
230906,Rubona,2309
231001,Gihemvu,2310
231002,Kabere,2310
231003,Mishungero,2310
231004,Nyabimata,2310
231005,Ruhinga,2310
231101,Maraba,2311
231102,Mwoya,2311
231103,Nkakwa,2311
231104,Nyagisozi,2311
231201,Gitita,2312
231202,Kabere,2312
231203,Remera,2312
231204,Ruyenzi,2312
231205,Uwumusebeya,2312
231301,Gabiro,2313
231302,Giseke,2313
231303,Nyarugano,2313
231304,Rugogwe,2313
231305,Ruramba,2313
231401,Bunge,2314
231402,Cyuna,2314
231403,Gikunzi,2314
231404,Mariba,2314
231405,Raranzige,2314
231406,Rusenge,2314
240101,Nyakibanda,2401
240102,Nyumba,2401
240103,Ryakibogo,2401
240104,Shori,2401
240201,Muyogoro,2402
240202,Nyakagezi,2402
240203,Rukira,2402
240204,Sovu,2402
240301,Buhoro,2403
240302,Bunazi,2403
240303,Gahororo,2403
240304,Kibingo,2403
240305,Muhembe,2403
240401,Gishihe,2404
240402,Kabatwa,2404
240403,Kabuga,2404
240404,Karambi,2404
240405,Musebeya,2404
240406,Nyabisindu,2404
240407,Rugarama,2404
240408,Shanga,2404
240501,Byinza,2405
240502,Gahana,2405
240503,Gitovu,2405
240504,Kabona,2405
240505,Sazange,2405
240601,Buremera,2406
240602,Gasumba,2406
240603,Kabuye,2406
240604,Kanyinya,2406
240605,Shanga,2406
240606,Shyembe,2406
240701,Gatobotobo,2407
240702,Kabuga,2407
240703,Mutunda,2407
240704,Mwulire,2407
240705,Rugango,2407
240706,Rusagara,2407
240707,Tare,2407
240801,Bukomeye,2408
240802,Buvumu,2408
240803,Icyeru,2408
240804,Rango A,2408
240901,Butare,2409
240902,Kaburemera,2409
240903,Matyazo,2409
240904,Ngoma,2409
241001,Busheshi,2410
241002,Gatovu,2410
241003,Karama,2410
241004,Mara,2410
241005,Muhororo,2410
241006,Rugogwe,2410
241007,Ruhashya,2410
241101,Buhimba,2411
241102,Gafumba,2411
241103,Kimirehe,2411
241104,Kimuna,2411
241105,Kiruhura,2411
241106,Mugogwe,2411
241201,Gatwaro,2412
241202,Kamwambi,2412
241203,Kibiraro,2412
241204,Mwendo,2412
241205,Nyamabuye,2412
241206,Nyaruhombo,2412
241207,Shyunga,2412
241301,Cyendajuru,2413
241302,Gisakura,2413
241303,Kabusanza,2413
241304,Mugobore,2413
241305,Nyangazi,2413
241401,Cyarwa,2414
241402,Cyimana,2414
241403,Gitwa,2414
241404,Mpare,2414
241405,Rango B,2414
250101,Bushigishigi,2501
250102,Byimana,2501
250103,Gifurwe,2501
250104,Kizimyamuriro,2501
250105,Munini,2501
250106,Rambya,2501
250201,Gitega,2502
250202,Karama,2502
250203,Kiyumba,2502
250204,Ngoma,2502
250205,Nyanza,2502
250206,Nyanzoga,2502
250301,Kigeme,2503
250302,Ngiryi,2503
250303,Nyabivumu,2503
250304,Nyamugari,2503
250305,Nzega,2503
250306,Remera,2503
250401,Bakopfu,2504
250402,Gatare,2504
250403,Mukongoro,2504
250404,Ruganda,2504
250405,Shyeru,2504
250501,Kavumu,2505
250502,Murambi,2505
250503,Musenyi,2505
250504,Nyabisindu,2505
250505,Nyamiyaga,2505
250601,Bwama,2506
250602,Kamegeri,2506
250603,Kirehe,2506
250604,Kizi,2506
250605,Nyarusiza,2506
250606,Rususa,2506
250701,Bugarama,2507
250702,Bugarura,2507
250703,Gashiha,2507
250704,Karambo,2507
250705,Ruhunga,2507
250706,Uwindekezi,2507
250801,Bwenda,2508
250802,Gakanka,2508
250803,Kibibi,2508
250804,Nyakiza,2508
250901,Kagano,2509
250902,Mujuga,2509
250903,Mukungu,2509
250904,Shaba,2509
250905,Uwingugu,2509
251001,Manwari,2510
251002,Mutiwingoma,2510
251003,Ngambi,2510
251004,Ngara,2510
251101,Gitondorero,2511
251102,Gitwa,2511
251103,Ruhinga,2511
251104,Sovu,2511
251105,Suti,2511
251106,Yonde,2511
251201,Gasave,2512
251202,Jenda,2512
251203,Masagara,2512
251204,Masangano,2512
251205,Masizi,2512
251206,Nyagisozi,2512
251301,Gatovu,2513
251302,Nyarurambi,2513
251303,Rugano,2513
251304,Runege,2513
251305,Rusekera,2513
251306,Sekera,2513
251401,Buteteri,2514
251402,Cyobe,2514
251403,Gashwati,2514
251501,Bitandara,2515
251502,Musaraba,2515
251503,Mutengeri,2515
251504,Nkomane,2515
251505,Nyarwungo,2515
251506,Twiya,2515
251601,Buhoro,2516
251602,Gasarenda,2516
251603,Gatovu,2516
251604,Kaganza,2516
251605,Nkumbure,2516
251606,Nyamigina,2516
251701,Bigumira,2517
251702,Gahira,2517
251703,Kibyagira,2517
251704,Mudasomwa,2517
251705,Munyege,2517
251706,Rugogwe,2517
260101,Buhanda,2601
260102,Gitisi,2601
260103,Murama,2601
260104,Rubona,2601
260105,Rwinyana,2601
260201,Kamusenyi,2602
260202,Kirengeri,2602
260203,Mahembe,2602
260204,Mpanda,2602
260205,Muhororo,2602
260206,Ntenyo,2602
260207,Nyakabuye,2602
260301,Bihembe,2603
260302,Karambi,2603
260303,Munanira,2603
260304,Remera,2603
260305,Rwesero,2603
260306,Rwoga,2603
260401,Burima,2604
260402,Gisali,2604
260403,Kinazi,2604
260404,Rubona,2604
260405,Rutabo,2604
260501,Bweramvura,2605
260502,Gitinda,2605
260503,Kirwa,2605
260504,Muyunzwe,2605
260505,Nyakogo,2605
260506,Rukina,2605
260601,Cyanza,2606
260602,Gisanga,2606
260603,Kabuga,2606
260604,Kizibere,2606
260605,Mbuye,2606
260606,Mwendo,2606
260607,Nyakarekare,2606
260701,Gafunzo,2607
260702,Gishweru,2607
260703,Kamujisho,2607
260704,Kigarama,2607
260705,Kubutare,2607
260706,Mutara,2607
260707,Nyabibugu,2607
260708,Saruheshyi,2607
260801,Gako,2608
260802,Kareba,2608
260803,Kayenzi,2608
260804,Kebero,2608
260805,Nyagisozi,2608
260806,Nyakabungo,2608
260807,Nyarurama,2608
260901,Buhoro,2609
260902,Bunyogombe,2609
260903,Gikoma,2609
260904,Munini,2609
260905,Musamo,2609
260906,Nyamagana,2609
260907,Rwoga,2609
260908,Tambwe,2609
270101,Biringaga,2701
270102,Kigarama,2701
270103,Kivumu,2701
270104,Makera,2701
270105,Nyarunyinya,2701
270106,Shori,2701
270201,Buramba,2702
270202,Butare,2702
270203,Kabuye,2702
270204,Kavumu,2702
270205,Kibyimba,2702
270206,Ngarama,2702
270207,Ngoma,2702
270208,Sholi,2702
270301,Gisharu,2703
270302,Gitega,2703
270303,Jurwe,2703
270304,Mubuga,2703
270305,Rubyiniro,2703
270306,Ryakanimba,2703
270401,Budende,2704
270402,Ndago,2704
270403,Remera,2704
270404,Ruhina,2704
270405,Rukeri,2704
270501,Kanyinya,2705
270502,Nganzo,2705
270503,Nyamirama,2705
270504,Remera,2705
270505,Tyazo,2705
270601,Matyazo,2706
270602,Munazi,2706
270603,Nyagasozi,2706
270604,Rukaragata,2706
270605,Rwasare,2706
270606,Rwigerero,2706
270701,Gashorera,2707
270702,Masangano,2707
270703,Mbuga,2707
270704,Muvumba,2707
270705,Nyarusozi,2707
270801,Gahogo,2708
270802,Gifumba,2708
270803,Gitarama,2708
270804,Remera,2708
270901,Mbiriri,2709
270902,Musongati,2709
270903,Ngaru,2709
270904,Rusovu,2709
271001,Gasagara,2710
271002,Gasharu,2710
271003,Karambo,2710
271004,Nyamirambo,2710
271005,Ruhango,2710
271101,Gasave,2711
271102,Kanyana,2711
271103,Kibaga,2711
271104,Mpinga,2711
271105,Nsanga,2711
271201,Kinini,2712
271202,Mbare,2712
271203,Mubuga,2712
271204,Ruli,2712
280101,Gihinga,2801
280102,Gihira,2801
280103,Kigembe,2801
280104,Nkingo,2801
280201,Bitare,2802
280202,Bunyonga,2802
280203,Muganza,2802
280204,Nyamirembe,2802
280301,Bugarama,2803
280302,Cubi,2803
280303,Kayonza,2803
280304,Kirwa,2803
280305,Mataba,2803
280306,Nyamirama,2803
280401,Busoro,2804
280402,Gaseke,2804
280403,Giko,2804
280404,Muyange,2804
280501,Jenda,2805
280502,Kabugondo,2805
280503,Mbati,2805
280504,Mugina,2805
280505,Nteko,2805
280601,Buhoro,2806
280602,Cyambwe,2806
280603,Karengera,2806
280604,Kivumu,2806
280605,Mpushi,2806
280606,Rukambura,2806
280701,Kabuga,2807
280702,Kazirabonde,2807
280703,Marembo,2807
280801,Bibungo,2808
280802,Kabashumba,2808
280803,Kidahwe,2808
280804,Mukinga,2808
280805,Ngoma,2808
280901,Gitare,2809
280902,Kambyeyi,2809
280903,Kigusa,2809
280904,Nyagishubi,2809
280905,Ruyanza,2809
281001,Bihembe,2810
281002,Kigese,2810
281003,Masaka,2810
281004,Nyarubuye,2810
281005,Sheli,2810
281101,Bugoba,2811
281102,Buguri,2811
281103,Gishyeshye,2811
281104,Murehe,2811
281105,Mwirute,2811
281106,Remera,2811
281107,Taba,2811
281201,Gihara,2812
281202,Kabagesera,2812
281203,Kagina,2812
281204,Muganza,2812
281205,Ruyenzi,2812
310101,Burunga,3101
310102,Gasura,3101
310103,Gitarama,3101
310104,Kayenzi,3101
310105,Kibuye,3101
310106,Kiniha,3101
310107,Nyarusazi,3101
310201,Birambo,3102
310202,Musasa,3102
310203,Mwendo,3102
310204,Rugobagoba,3102
310205,Tongati,3102
310301,Buhoro,3103
310302,Cyanya,3103
310303,Kigarama,3103
310304,Munanira,3103
310305,Musasa,3103
310306,Ngoma,3103
310401,Gasharu,3104
310402,Gitega,3104
310403,Kanunga,3104
310404,Kirambo,3104
310405,Munanira,3104
310406,Nyamiringa,3104
310407,Ruhinga,3104
310408,Rwariro,3104
310501,Kagabiro,3105
310502,Murangara,3105
310503,Nyagatovu,3105
310504,Ryaruhanga,3105
310601,Mubuga,3106
310602,Muhororo,3106
310603,Nkoto,3106
310604,Nyarunyinya,3106
310605,Shyembe,3106
310701,Bukiro,3107
310702,Kabaya,3107
310703,Kamina,3107
310704,Kareba,3107
310705,Nyamushishi,3107
310706,Nzaratsi,3107
310801,Byogo,3108
310802,Gasharu,3108
310803,Gisayura,3108
310804,Kanyege,3108
310805,Kinyonzwe,3108
310806,Murengezo,3108
310807,Rwufi,3108
310901,Bubazi,3109
310902,Gacaca,3109
310903,Gisanze,3109
310904,Gitwa,3109
310905,Kibirizi,3109
310906,Mataba,3109
310907,Nyarugenge,3109
310908,Ruragwe,3109
311001,Gisiza,3110
311002,Gitega,3110
311003,Gitovu,3110
311004,Kabuga,3110
311005,Mubuga,3110
311006,Mucyimba,3110
311007,Rufungo,3110
311008,Rwungo,3110
311009,Tyazo,3110
311101,Biguhu,3111
311102,Kabingo,3111
311103,Kinyovu,3111
311104,Kivumu,3111
311105,Nyabikeri,3111
311106,Nyamugwagwa,3111
311107,Rubona,3111
311108,Rugobagoba,3111
311201,Bigugu,3112
311202,Bisesero,3112
311203,Gasata,3112
311204,Munini,3112
311205,Nyakamira,3112
311206,Nyarusanga,3112
311207,Rubazo,3112
311208,Rubumba,3112
311301,Bihumbe,3113
311302,Gakuta,3113
311303,Gisovu,3113
311304,Gitabura,3113
311305,Kavumu,3113
311306,Murehe,3113
311307,Rutabi,3113
320101,Bushaka,3201
320102,Kabihogo,3201
320103,Nkira,3201
320104,Remera,3201
320201,Bugina,3202
320202,Congo-nil,3202
320203,Mataba,3202
320204,Murambi,3202
320205,Ruhingo,3202
320206,Shyembe,3202
320207,Teba,3202
320301,Buhindure,3203
320302,Nkora,3203
320303,Nyagahinika,3203
320304,Rukaragata,3203
320401,Bunyoni,3204
320402,Bunyunju,3204
320403,Kabere,3204
320404,Kabujenje,3204
320405,Karambi,3204
320406,Nganzo,3204
320501,Haniro,3205
320502,Muyira,3205
320503,Tangabo,3205
320601,Kabuga,3206
320602,Kagano,3206
320603,Kageyo,3206
320604,Kagusa,3206
320605,Karambo,3206
320606,Mwendo,3206
320701,Kirwa,3207
320702,Mburamazi,3207
320703,Rugeyo,3207
320704,Twabugezi,3207
320801,Gabiro,3208
320802,Gisiza,3208
320803,Murambi,3208
320804,Nyarubuye,3208
320901,Biruyi,3209
320902,Kaguriro,3209
320903,Magaba,3209
320904,Rurara,3209
321001,Bumba,3210
321002,Cyarusera,3210
321003,Gitwa,3210
321004,Mageragere,3210
321005,Sure,3210
321101,Busuku,3211
321102,Cyivugiza,3211
321103,Mubuga,3211
321104,Ngoma,3211
321105,Terimbere,3211
321201,Gatare,3212
321202,Gihira,3212
321203,Kavumu,3212
321204,Nyakarera,3212
321205,Rugasa,3212
321206,Rundoyi,3212
321301,Kabona,3213
321302,Mberi,3213
321303,Remera,3213
321304,Ruronde,3213
330101,Buringo,3301
330102,Butaka,3301
330103,Hehu,3301
330104,Kabumba,3301
330105,Mutovu,3301
330106,Nsherima,3301
330107,Rusiza,3301
330201,Gacurabwenge,3302
330202,Gasiza,3302
330203,Gihonga,3302
330204,Kageshi,3302
330205,Makoro,3302
330206,Nyacyonga,3302
330207,Rusura,3302
330301,Busigari,3303
330302,Cyanzarwe,3303
330303,Gora,3303
330304,Kinyanzovu,3303
330305,Makurizo,3303
330306,Rwangara,3303
330307,Rwanzekuma,3303
330308,Ryabizige,3303
330401,Amahoro,3304
330402,Bugoyi,3304
330403,Kivumu,3304
330404,Mbugangari,3304
330405,Nengo,3304
330406,Rubavu,3304
330407,Umuganda,3304
330501,Kamuhoza,3305
330502,Karambo,3305
330503,Mahoko,3305
330504,Musabike,3305
330505,Nkomane,3305
330506,Rusongati,3305
330507,Yungwe,3305
330601,Kanyirabigogo,3306
330602,Kirerema,3306
330603,Muramba,3306
330604,Nyamikongi,3306
330605,Nyamirango,3306
330606,Nyaruteme,3306
330701,Bihungwe,3307
330702,Kanyundo,3307
330703,Micinyiro,3307
330704,Mirindi,3307
330705,Ndoranyi,3307
330706,Rungu,3307
330707,Rwanyakayaga,3307
330801,Bisizi,3308
330802,Gikombe,3308
330803,Kanyefurwe,3308
330804,Nyarushyamba,3308
330901,Burushya,3309
330902,Busoro,3309
330903,Kinigi,3309
330904,Kiraga,3309
330905,Munanira,3309
330906,Rubona,3309
331001,Bahimba,3310
331002,Gatovu,3310
331003,Kavomo,3310
331004,Kigarama,3310
331005,Mukondo,3310
331006,Nyundo,3310
331007,Terimbere,3310
331101,Buhaza,3311
331102,Burinda,3311
331103,Byahi,3311
331104,Gikombe,3311
331105,Murambi,3311
331106,Murara,3311
331107,Rukoko,3311
331201,Basa,3312
331202,Gisa,3312
331203,Kabilizi,3312
331204,Muhira,3312
331205,Rugerero,3312
331206,Rushubi,3312
331207,Rwaza,3312
340101,Arusha,3401
340102,Basumba,3401
340103,Kijote,3401
340104,Kora,3401
340105,Muhe,3401
340106,Rega,3401
340201,Bukinanyana,3402
340202,Gasizi,3402
340203,Kabatezi,3402
340204,Kareba,3402
340205,Nyirakigugu,3402
340206,Rega,3402
340301,Gasiza,3403
340302,Gasura,3403
340303,Gisizi,3403
340304,Guriro,3403
340305,Kavumu,3403
340306,Nyamitanzi,3403
340401,Batikoti,3404
340402,Cyamvumba,3404
340403,Gihorwe,3404
340404,Myuga,3404
340405,Ngando,3404
340406,Rugarama,3404
340501,Busoro,3405
340502,Cyamabuye,3405
340503,Gatagara,3405
340504,Gihirwa,3405
340505,Kadahenda,3405
340506,Karengera,3405
340601,Gatovu,3406
340602,Kintobo,3406
340603,Nyagisozi,3406
340604,Nyamugari,3406
340605,Rukondo,3406
340606,Ryinyo,3406
340701,Gasizi,3407
340702,Jaba,3407
340703,Kanyove,3407
340704,Rubaya,3407
340705,Rugeshi,3407
340706,Rukoma,3407
340707,Rurengeri,3407
340801,Gisizi,3408
340802,Mulinga,3408
340803,Mwiyanike,3408
340804,Nkomane,3408
340805,Nyamasheke,3408
340806,Rwantobo,3408
340901,Birembo,3409
340902,Guriro,3409
340903,Kibisabo,3409
340904,Mutaho,3409
340905,Nyundo,3409
340906,Rugamba,3409
341001,Gakoro,3410
341002,Marangara,3410
341003,Nyagahondo,3410
341004,Nyarutembe,3410
341005,Rurembo,3410
341006,Tyazo,3410
341101,Gahondo,3411
341102,Gitega,3411
341103,Kirimbogo,3411
341104,Murambi,3411
341105,Mwana,3411
341106,Rwaza,3411
341201,Cyimanzovu,3412
341202,Kanyamitana,3412
341203,Kintarure,3412
341204,Mpinga,3412
341205,Mutanda,3412
341206,Shaki,3412
350101,Bungwe,3501
350102,Cyahafi,3501
350103,Gashubi,3501
350104,Kabarondo,3501
350105,Ruhindage,3501
350201,Cyome,3502
350202,Gatsibo,3502
350203,Kamasiga,3502
350204,Karambo,3502
350205,Ruhanga,3502
350206,Rusumo,3502
350301,Gatare,3503
350302,Gatega,3503
350303,Kajinge,3503
350304,Marantima,3503
350305,Rugendabari,3503
350306,Runyinya,3503
350401,Busunzu,3504
350402,Gaseke,3504
350403,Kabaya,3504
350404,Mwendo,3504
350405,Ngoma,3504
350406,Nyenyeri,3504
350501,Kageshi,3505
350502,Kirwa,3505
350503,Mukore,3505
350504,Muramba,3505
350505,Nyamata,3505
350506,Rwamamara,3505
350601,Birembo,3506
350602,Gitwa,3506
350603,Murinzi,3506
350604,Nyamugeyo,3506
350605,Rugeshi,3506
350606,Tetero,3506
350701,Binana,3507
350702,Gitega,3507
350703,Matare,3507
350704,Rutare,3507
350705,Rwamiko,3507
350801,Bugarura,3508
350802,Gasiza,3508
350803,Mashya,3508
350804,Nganzo,3508
350805,Ngoma,3508
350806,Rutagara,3508
350901,Bweramana,3509
350902,Mubuga,3509
350903,Myiha,3509
350904,Rugogwe,3509
350905,Rusororo,3509
350906,Sanza,3509
351001,Bijyojyo,3510
351002,Bitabage,3510
351003,Kabageshi,3510
351004,Kibanda,3510
351005,Kinyovi,3510
351101,Kaseke,3511
351102,Kazabe,3511
351103,Mugano,3511
351104,Nyange,3511
351105,Rususa,3511
351106,Torero,3511
351201,Bambiro,3512
351202,Gaseke,3512
351203,Nsibo,3512
351204,Vuganyana,3512
351301,Birembo,3513
351302,Kagano,3513
351303,Kanyana,3513
351304,Musenyi,3513
351305,Nyabipfura,3513
351306,Rutovu,3513
360101,Nyange,3601
360102,Pera,3601
360103,Ryankana,3601
360201,Butanda,3602
360202,Gatereri,3602
360203,Nyamihanda,3602
360204,Rwambogo,3602
360301,Gikungu,3603
360302,Kiyabo,3603
360303,Murwa,3603
360304,Nyamuzi,3603
360305,Rasano,3603
360401,Birembo,3604
360402,Buhokoro,3604
360403,Kabakobwa,3604
360404,Kacyuma,3604
360405,Kamurehe,3604
360406,Karemereye,3604
360407,Muti,3604
360408,Rusayo,3604
360501,Cyendajuru,3605
360502,Gakomeye,3605
360503,Giheke,3605
360504,Kamashangi,3605
360505,Kigenge,3605
360506,Ntura,3605
360507,Rwega,3605
360508,Turambi,3605
360601,Burunga,3606
360602,Gatsiro,3606
360603,Gihaya,3606
360604,Kagara,3606
360605,Kamatita,3606
360606,Shagasha,3606
360701,Kizura,3607
360702,Mpinga,3607
360703,Nyamigina,3607
360801,Cyingwa,3608
360802,Gahungeri,3608
360803,Hangabashi,3608
360804,Mashesha,3608
360901,Cyangugu,3609
360902,Gihundwe,3609
360903,Kamashangi,3609
360904,Kamurera,3609
360905,Ruganda,3609
361001,Cyarukara,3610
361002,Gakoni,3610
361003,Shara,3610
361101,Gahinga,3611
361102,Kabahinda,3611
361103,Kabasigirira,3611
361104,Kagarama,3611
361105,Karambi,3611
361106,Miko,3611
361107,Tara,3611
361201,Gitwa,3612
361202,Kamanyenga,3612
361203,Kangazi,3612
361204,Kinyaga,3612
361205,Rugabano,3612
361301,Bigoga,3613
361302,Bugarura,3613
361303,Ishywa,3613
361304,Kamagimbo,3613
361305,Rwenje,3613
361401,Gatare,3614
361402,Kiziguro,3614
361403,Mataba,3614
361404,Ryamuhirwa,3614
361501,Gasebeya,3615
361502,Gaseke,3615
361503,Kamanu,3615
361504,Kiziho,3615
361505,Mashyuza,3615
361506,Nyabintare,3615
361601,Gatare,3616
361602,Kabagina,3616
361603,Kabuye,3616
361604,Kanoga,3616
361605,Karangiro,3616
361606,Murambi,3616
361607,Rusambu,3616
361701,Butambamo,3617
361702,Kigenge,3617
361703,Murya,3617
361704,Nyenji,3617
361705,Rebero,3617
361706,Rwinzuki,3617
361801,Karenge,3618
361802,Muhehwe,3618
361803,Mushaka,3618
361804,Rubugu,3618
361805,Ruganda,3618
370101,Buvungira,3701
370102,Mpumbu,3701
370103,Ngoma,3701
370104,Nyarusange,3701
370201,Gasheke,3702
370202,Impala,3702
370203,Kagatamu,3702
370204,Karusimbi,3702
370301,Bisumo,3703
370302,Murambi,3703
370303,Mutongo,3703
370304,Rugari,3703
370401,Butare,3704
370402,Gitwa,3704
370403,Jarama,3704
370404,Kibingo,3704
370405,Mubuga,3704
370501,Gako,3705
370502,Mubumbano,3705
370503,Ninzi,3705
370504,Rwesero,3705
370505,Shara,3705
370601,Kibogora,3706
370602,Kigarama,3706
370603,Kigoya,3706
370604,Raro,3706
370605,Susa,3706
370701,Gasovu,3707
370702,Gitwe,3707
370703,Kabuga,3707
370704,Kagarama,3707
370705,Rushyarara,3707
370801,Gasayo,3708
370802,Gashashi,3708
370803,Higiro,3708
370804,Miko,3708
370805,Mwezi,3708
370901,Cyimpindu,3709
370902,Karengera,3709
370903,Muhororo,3709
370904,Nyarusange,3709
371001,Gatare,3710
371002,Mutongo,3710
371003,Nyakabingo,3710
371004,Rugari,3710
371005,Vugangoma,3710
371101,Gisoke,3711
371102,Kagarama,3711
371103,Nyagatare,3711
371104,Nyakavumu,3711
371201,Kigabiro,3712
371202,Kinunga,3712
371203,Mariba,3712
371204,Muyange,3712
371205,Ntango,3712
371301,Banda,3713
371302,Gakenke,3713
371303,Jurwe,3713
371304,Murambi,3713
371401,Kanazi,3714
371402,Ntendezi,3714
371403,Save,3714
371404,Wimana,3714
371501,Burimba,3715
371502,Mataba,3715
371503,Mugera,3715
371504,Nyamugari,3715
371505,Shangi,3715
410101,Cyohoha,4101
410102,Gitare,4101
410103,Rwamahwa,4101
410201,Butangampundu,4102
410202,Karengeri,4102
410203,Taba,4102
410301,Gasiza,4103
410302,Giko,4103
410303,Kayenzi,4103
410304,Mukoto,4103
410305,Nyirangarama,4103
410401,Busoro,4104
410402,Butare,4104
410403,Gahororo,4104
410404,Gitumba,4104
410405,Karama,4104
410406,Mwumba,4104
410407,Ndarage,4104
410501,Budakiranya,4105
410502,Migendezo,4105
410503,Rudogo,4105
410601,Burehe,4106
410602,Marembo,4106
410603,Rwili,4106
410701,Butunzi,4107
410702,Karegamazi,4107
410703,Marembo,4107
410704,Rebero,4107
410801,Gitatsa,4108
410802,Kamushenyi,4108
410803,Kigarama,4108
410804,Mubuga,4108
410805,Murama,4108
410806,Sayo,4108
410901,Kabuga,4109
410902,Kigarama,4109
410903,Kivugiza,4109
410904,Nyamyumba,4109
410905,Shengampuli,4109
411001,Bukoro,4110
411002,Mushari,4110
411003,Ngiramazi,4110
411004,Rurenge,4110
411101,Bubangu,4111
411102,Gatwa,4111
411103,Mugambazi,4111
411104,Mvuzo,4111
411201,Kabuga,4112
411202,Karambo,4112
411203,Mugote,4112
411204,Munyarwanda,4112
411301,Kajevuba,4113
411302,Kiyanza,4113
411303,Mahaza,4113
411401,Buraro,4114
411402,Bwimo,4114
411403,Mberuka,4114
411404,Mbuye,4114
411501,Gako,4115
411502,Kirenge,4115
411503,Taba,4115
411601,Bugaragara,4116
411602,Kijabagwe,4116
411603,Muvumu,4116
411604,Rubona,4116
411605,Rutonde,4116
411701,Barari,4117
411702,Gahabwa,4117
411703,Misezero,4117
411704,Nyirabirori,4117
411705,Taba,4117
420101,Birambo,4201
420102,Butereri,4201
420103,Byibuhiro,4201
420104,Kamina,4201
420105,Kirabo,4201
420106,Mwumba,4201
420107,Ruhanga,4201
420201,Kiruku,4202
420202,Mbirima,4202
420203,Nyange,4202
420204,Nyanza,4202
420301,Muhaza,4203
420302,Muhororo,4203
420303,Muramba,4203
420304,Mutanda,4203
420305,Rukore,4203
420401,Buheta,4204
420402,Kagoma,4204
420403,Nganzo,4204
420404,Rusagara,4204
420501,Nyacyina,4205
420502,Rukura,4205
420503,Rutabo,4205
420504,Rutenderi,4205
420505,Taba,4205
420601,Gakindo,4206
420602,Gashyamba,4206
420603,Gatwa,4206
420604,Karukungu,4206
420701,Kamubuga,4207
420702,Kidomo,4207
420703,Mbatabata,4207
420704,Rukore,4207
420801,Kanyanza,4208
420802,Karambo,4208
420803,Kirebe,4208
420901,Cyintare,4209
420902,Gasiza,4209
420903,Rugimbu,4209
420904,Ruhinga,4209
420905,Sereri,4209
421001,Buyange,4210
421002,Gikombe,4210
421003,Nyundo,4210
421101,Gasiho,4211
421102,Munyana,4211
421103,Murambi,4211
421104,Raba,4211
421201,Gahinga,4212
421202,Munyana,4212
421203,Mutego,4212
421204,Nkomane,4212
421205,Rutabo,4212
421206,Rutenderi,4212
421207,Rwamambe,4212
421301,Busake,4213
421302,Bwenda,4213
421303,Gasiza,4213
421304,Gihinga,4213
421305,Huro,4213
421306,Musagara,4213
421307,Musenyi,4213
421308,Ruganda,4213
421309,Rwinkuba,4213
421401,Bumba,4214
421402,Gisiza,4214
421403,Karyango,4214
421404,Nganzo,4214
421405,Va,4214
421501,Kabatezi,4215
421502,Kiryamo,4215
421503,Mubuga,4215
421504,Mwiyando,4215
421505,Rwa,4215
421601,Buranga,4216
421602,Gahinga,4216
421603,Gisozi,4216
421604,Mucaca,4216
421701,Busoro,4217
421702,Gikingo,4217
421703,Jango,4217
421704,Ruli,4217
421705,Rwesero,4217
421801,Gataba,4218
421802,Kamonyi,4218
421803,Murambi,4218
421804,Nyundo,4218
421805,Rumbi,4218
421806,Rurembo,4218
421901,Burimba,4219
421902,Busanane,4219
421903,Joma,4219
421904,Kageyo,4219
421905,Mbogo,4219
421906,Razi,4219
421907,Rwankuba,4219
421908,Shyombwe,4219
430101,Gisesero,4301
430102,Kavumu,4301
430103,Nyagisozi,4301
430104,Sahara,4301
430201,Bukinanyana,4302
430202,Buruba,4302
430203,Cyanya,4302
430204,Kabeza,4302
430205,Migeshi,4302
430206,Rwebeya,4302
430301,Gakoro,4303
430302,Gasakuza,4303
430303,Kabirizi,4303
430304,Karwasa,4303
430401,Kigabiro,4304
430402,Kivumu,4304
430403,Mbwe,4304
430404,Muharuro,4304
430501,Mudakama,4305
430502,Murago,4305
430503,Rubindi,4305
430504,Rungu,4305
430601,Birira,4306
430602,Buramira,4306
430603,Kivumu,4306
430604,Mbizi,4306
430701,Bisoke,4307
430702,Kaguhu,4307
430703,Kampanga,4307
430704,Nyabigoma,4307
430705,Nyonirima,4307
430801,Cyabararika,4308
430802,Kigombe,4308
430803,Mpenge,4308
430804,Ruhengeri,4308
430901,Cyivugiza,4309
430902,Cyogo,4309
430903,Mburabuturo,4309
430904,Songa,4309
431001,Cyabagarura,4310
431002,Garuka,4310
431003,Kabazungu,4310
431004,Nyarubuye,4310
431005,Rwambogo,4310
431101,Bikara,4311
431102,Gashinga,4311
431103,Mubago,4311
431104,Rugeshi,4311
431105,Ruyumba,4311
431201,Cyivugiza,4312
431202,Kabeza,4312
431203,Kamwumba,4312
431204,Muhabura,4312
431205,Ninda,4312
431301,Gasongero,4313
431302,Kamisave,4313
431303,Murandi,4313
431304,Murwa,4313
431305,Rurambo,4313
431401,Bumara,4314
431402,Kabushinge,4314
431403,Musezero,4314
431404,Nturo,4314
431405,Nyarubuye,4314
431501,Gakingo,4315
431502,Kibuguzo,4315
431503,Mudende,4315
431504,Mugari,4315
440101,Bungwe,4401
440102,Bushenya,4401
440103,Mudugari,4401
440104,Tumba,4401
440201,Gatsibo,4402
440202,Mubuga,4402
440203,Muhotora,4402
440204,Nyamicucu,4402
440205,Rusumo,4402
440301,Gasiza,4403
440302,Gisovu,4403
440303,Kabyiniro,4403
440304,Kagitega,4403
440305,Kamanyana,4403
440306,Nyagahinga,4403
440401,Butare,4404
440402,Ndongozi,4404
440403,Ruyange,4404
440501,Buramba,4405
440502,Gisizi,4405
440503,Kidakama,4405
440504,Nyangwe,4405
440505,Rwasa,4405
440601,Gabiro,4406
440602,Musenda,4406
440603,Rwambogo,4406
440604,Rwasa,4406
440701,Mariba,4407
440702,Musasa,4407
440703,Runoga,4407
440801,Kabaya,4408
440802,Kayenzi,4408
440803,Kiringa,4408
440804,Nyamabuye,4408
440901,Gafuka,4409
440902,Nkenke,4409
440903,Nkumba,4409
440904,Ntaruka,4409
441001,Bugamba,4410
441002,Kaganda,4410
441003,Musasa,4410
441004,Rutovu,4410
441101,Bukwashuri,4411
441102,Gashanje,4411
441103,Murwa,4411
441104,Nyirataba,4411
441201,Kivumu,4412
441202,Nyamugari,4412
441203,Rubona,4412
441204,Rushara,4412
441301,Cyahi,4413
441302,Gafumba,4413
441303,Karangara,4413
441304,Rurembo,4413
441401,Kilibata,4414
441402,Mucaca,4414
441403,Nyanamo,4414
441404,Rukandabyuma,4414
441501,Gaseke,4415
441502,Gatare,4415
441503,Gitovu,4415
441504,Rusekera,4415
441601,Kabona,4416
441602,Ndago,4416
441603,Ruhanga,4416
441701,Gacundura,4417
441702,Gashoro,4417
441703,Ruconsho,4417
441704,Rugari,4417
450101,Karenge,4501
450102,Kigabiro,4501
450103,Kivumu,4501
450104,Rwesero,4501
450201,Bwisige,4502
450202,Gihuke,4502
450203,Mukono,4502
450204,Nyabushingitwa,4502
450301,Gacurabwenge,4503
450302,Gisuna,4503
450303,Kibali,4503
450304,Kivugiza,4503
450305,Murama,4503
450306,Ngondore,4503
450307,Nyakabungo,4503
450308,Nyamabuye,4503
450309,Nyarutarama,4503
450401,Gasunzu,4504
450402,Muhambo,4504
450403,Nyakabungo,4504
450404,Nyambare,4504
450405,Nyaruka,4504
450406,Rwankonjo,4504
450501,Gatobotobo,4505
450502,Murehe,4505
450503,Tanda,4505
450601,Gihembe,4506
450602,Horezo,4506
450603,Kabuga,4506
450604,Muhondo,4506
450605,Nyamiyaga,4506
450701,Bugomba,4507
450702,Gatoma,4507
450703,Mulindi,4507
450704,Nyarwambu,4507
450705,Rukurura,4507
450801,Kabuga,4508
450802,Nyiragifumba,4508
450803,Nyiravugiza,4508
450804,Remera,4508
450805,Rusekera,4508
450806,Ryaruyumba,4508
450901,Gakenke,4509
450902,Miyove,4509
450903,Mubuga,4509
451001,Cyamuganga,4510
451002,Gatenga,4510
451003,Kiruhura,4510
451004,Mutarama,4510
451005,Rugerero,4510
451006,Rusambya,4510
451101,Cyamuhinda,4511
451102,Kigoma,4511
451103,Mwendo,4511
451104,Ngange,4511
451105,Rebero,4511
451201,Gaseke,4512
451202,Kabeza,4512
451203,Musenyi,4512
451204,Mutandi,4512
451205,Nyarubuye,4512
451301,Gahumuliza,4513
451302,Jamba,4513
451303,Kabeza,4513
451304,Kabuga,4513
451305,Karambo,4513
451306,Kiziba,4513
451307,Mataba,4513
451401,Butare,4514
451402,Kigogo,4514
451403,Kinishya,4514
451404,Rusasa,4514
451405,Rutete,4514
451406,Rwagihura,4514
451407,Yaramba,4514
451501,Gihanga,4515
451502,Gishambashayo,4515
451503,Gishari,4515
451504,Muguramo,4515
451505,Nyamiyaga,4515
451601,Cyeya,4516
451602,Cyuru,4516
451603,Gisiza,4516
451604,Kinyami,4516
451605,Mabare,4516
451606,Munyinya,4516
451701,Gitega,4517
451702,Kamutora,4517
451703,Karurama,4517
451801,Bikumba,4518
451802,Gasharu,4518
451803,Gatwaro,4518
451804,Kigabiro,4518
451805,Munanira,4518
451806,Nkoto,4518
451901,Cyandaro,4519
451902,Gasambya,4519
451903,Gashirira,4519
451904,Kabare,4519
451905,Rebero,4519
451906,Ruhondo,4519
452001,Cyeru,4520
452002,Kigabiro,4520
452003,Nyagahinga,4520
452101,Bushara,4521
452102,Kitazigurwa,4521
452103,Nyabishambi,4521
452104,Nyabubare,4521
452105,Shangasha,4521
510101,Mununu,5101
510102,Nyagasambu,5101
510103,Nyakagunga,5101
510104,Nyamirama,5101
510105,Nyarubuye,5101
510106,Sasabirago,5101
510201,Gihumuza,5102
510202,Kagezi,5102
510203,Kanyangese,5102
510204,Kibare,5102
510205,Mutamwa,5102
510206,Rugarama,5102
510207,Runyinya,5102
510208,Rweri,5102
510301,Binunga,5103
510302,Bwinsanga,5103
510303,Cyinyana,5103
510304,Gati,5103
510305,Kavumu,5103
510306,Ruhimbi,5103
510307,Ruhunda,5103
510401,Bicaca,5104
510402,Byimana,5104
510403,Kabasore,5104
510404,Kangamba,5104
510405,Karenge,5104
510406,Nyabubare,5104
510407,Nyamatete,5104
510501,Bwiza,5105
510502,Cyanya,5105
510503,Nyagasenyi,5105
510504,Sibagire,5105
510505,Sovu,5105
510601,Byeza,5106
510602,Kabare,5106
510603,Karambi,5106
510604,Karitutu,5106
510605,Kitazigurwa,5106
510606,Murambi,5106
510607,Nsinda,5106
510608,Ntebe,5106
510609,Nyarusange,5106
510701,Kaduha,5107
510702,Nkungu,5107
510703,Rweru,5107
510704,Zinga,5107
510801,Binunga,5108
510802,Bwana,5108
510803,Cyarukamba,5108
510804,Cyimbazi,5108
510805,Nkomangwa,5108
510806,Nyarubuye,5108
510901,Akabare,5109
510902,Budahanda,5109
510903,Kagarama,5109
510904,Musha,5109
510905,Nyabisindu,5109
510906,Nyakabanda,5109
511001,Akinyambo,5110
511002,Bujyujyu,5110
511003,Murehe,5110
511004,Ntebe,5110
511005,Nyarukombe,5110
511101,Bicumbi,5111
511102,Bushenyi,5111
511103,Mwulire,5111
511104,Ntunga,5111
511201,Bihembe,5112
511202,Gatare,5112
511203,Gishore,5112
511204,Munini,5112
511205,Rwimbogo,5112
511301,Akanzu,5113
511302,Kigarama,5113
511303,Murama,5113
511304,Rugarama,5113
511401,Byinza,5114
511402,Kabatasi,5114
511403,Kabuye,5114
511404,Karambi,5114
511405,Mabare,5114
511406,Nawe,5114
520101,Cyagaju,5201
520102,Kabeza,5201
520103,Nyamikamba,5201
520104,Nyamirembe,5201
520105,Nyangara,5201
520106,Nyarurema,5201
520107,Rwensheke,5201
520201,Bushara,5202
520202,Cyenkwanzi,5202
520203,Gikagati,5202
520204,Gikundamvura,5202
520205,Kabuga,5202
520206,Ndego,5202
520207,Nyakiga,5202
520301,Kamate,5203
520302,Karama,5203
520303,Kizirakome,5203
520304,Mbare,5203
520305,Musenyi,5203
520306,Ndama,5203
520307,Nyagashanga,5203
520308,Nyamirama,5203
520309,Rubagabaga,5203
520310,Rwenyemera,5203
520311,Rwisirabo,5203
520401,Bayigaburire,5204
520402,Kaduha,5204
520403,Kanyeganyege,5204
520404,Katabagemu,5204
520405,Kigarama,5204
520406,Nyakigando,5204
520407,Rubira,5204
520408,Rugazi,5204
520409,Rutoma,5204
520501,Gataba,5205
520502,Gitenga,5205
520503,Kabungo,5205
520504,Karambo,5205
520505,Karujumba,5205
520506,Tovu,5205
520601,Bwera,5206
520602,Byimana,5206
520603,Cyembogo,5206
520604,Kagitumba,5206
520605,Kanyonza,5206
520606,Matimba,5206
520607,Nyabwishongwezi,5206
520608,Rwentanga,5206
520701,Bibare,5207
520702,Gakoma,5207
520703,Mahoro,5207
520704,Mimuri,5207
520705,Rugari,5207
520801,Bufunda,5208
520802,Gatete,5208
520803,Gihengeri,5208
520804,Gishororo,5208
520805,Kagina,5208
520806,Rugarama,5208
520901,Kibirizi,5209
520902,Kijojo,5209
520903,Musheri,5209
520904,Ntoma,5209
520905,Nyagatabire,5209
520906,Nyamiyonga,5209
520907,Rugarama I,5209
520908,Rugarama Ii,5209
521001,Barija,5210
521002,Bushoga,5210
521003,Cyabayaga,5210
521004,Gakirage,5210
521005,Kamagiri,5210
521006,Nsheke,5210
521007,Nyagatare,5210
521008,Rutaraka,5210
521009,Ryabega,5210
521101,Gahurura,5211
521102,Gashenyi,5211
521103,Nyakagarama,5211
521104,Rukomo Ii,5211
521105,Rurenge,5211
521201,Cyenjonjo,5212
521202,Gasinga,5212
521203,Kabare,5212
521204,Kazaza,5212
521205,Mishenyi,5212
521206,Rugarama,5212
521207,Rukorota,5212
521208,Rutare,5212
521209,Rwempasha,5212
521210,Ryeru,5212
521301,Gacundezi,5213
521302,Kabeza,5213
521303,Kirebe,5213
521304,Ntoma,5213
521305,Nyarupfubire,5213
521306,Nyendo,5213
521307,Rutungu,5213
521308,Rwimiyaga,5213
521401,Gishuro,5214
521402,Gitengure,5214
521403,Nkoma,5214
521404,Nyabitekeri,5214
521405,Nyagatoma,5214
521406,Shonga,5214
521407,Tabagwe,5214
530101,Kigabiro,5301
530102,Kimana,5301
530103,Teme,5301
530104,Viro,5301
530201,Gatsibo,5302
530202,Manishya,5302
530203,Mugera,5302
530204,Nyabicwamba,5302
530205,Nyagahanga,5302
530301,Bukomane,5303
530302,Cyabusheshe,5303
530303,Karubungo,5303
530304,Mpondwa,5303
530305,Nyamirama,5303
530306,Rubira,5303
530401,Kabarore,5304
530402,Kabeza,5304
530403,Karenge,5304
530404,Marimba,5304
530405,Nyabikiri,5304
530406,Simbwa,5304
530501,Busetsa,5305
530502,Gituza,5305
530503,Kintu,5305
530504,Nyagisozi,5305
530601,Akabuga,5306
530602,Gakenke,5306
530603,Gakoni,5306
530604,Nyabisindu,5306
530701,Agakomeye,5307
530702,Mbogo,5307
530703,Ndatemwa,5307
530704,Rubona,5307
530801,Bibare,5308
530802,Gakorokombe,5308
530803,Mamfu,5308
530804,Rumuli,5308
530805,Taba,5308
530901,Murambi,5309
530902,Nyamiyaga,5309
530903,Rwankuba,5309
530904,Rwimitereri,5309
531001,Bugamba,5310
531002,Karambi,5310
531003,Kigasha,5310
531004,Ngarama,5310
531005,Nyarubungo,5310
531101,Gitinda,5311
531102,Kibare,5311
531103,Mayange,5311
531104,Murambi,5311
531105,Nyagitabire,5311
531106,Nyamirama,5311
531201,Bushobora,5312
531202,Butiruka,5312
531203,Kigabiro,5312
531204,Nyagakombe,5312
531205,Rurenge,5312
531206,Rwarenga,5312
531301,Bugarama,5313
531302,Gihuta,5313
531303,Kanyangese,5313
531304,Matare,5313
531305,Matunguru,5313
531306,Remera,5313
531401,Kiburara,5314
531402,Munini,5314
531403,Nyamatete,5314
531404,Rwikiniro,5314
540101,Juru,5401
540102,Kahi,5401
540103,Kiyenzi,5401
540104,Urugarama,5401
540201,Cyarubare,5402
540202,Gitara,5402
540203,Kirehe,5402
540204,Rubimba,5402
540205,Rubumba,5402
540301,Cyabajwa,5403
540302,Cyinzovu,5403
540303,Kabura,5403
540304,Rusera,5403
540401,Bwiza,5404
540402,Kayonza,5404
540403,Mburabuturo,5404
540404,Nyagatovu,5404
540405,Rugendabari,5404
540501,Bunyentongo,5405
540502,Muko,5405
540503,Murama,5405
540504,Nyakanazi,5405
540505,Rusave,5405
540601,Buhabwa,5406
540602,Karambi,5406
540603,Murundi,5406
540604,Ryamanyoni,5406
540701,Kageyo,5407
540702,Migera,5407
540703,Nyamugari,5407
540704,Nyawera,5407
540801,Byimana,5408
540802,Isangano,5408
540803,Karambi,5408
540804,Kiyovu,5408
540901,Gikaya,5409
540902,Musumba,5409
540903,Rurambi,5409
540904,Shyogo,5409
541001,Kawangire,5410
541002,Rukara,5410
541003,Rwimishinya,5410
541101,Bugambira,5411
541102,Nkamba,5411
541103,Ruyonza,5411
541104,Umubuga,5411
541201,Gihinga,5412
541202,Mbarara,5412
541203,Mukoyoyo,5412
541204,Nkondo,5412
550101,Butezi,5501
550102,Muhamba,5501
550103,Murehe,5501
550104,Nyagasenyi,5501
550105,Nyakagezi,5501
550106,Rubimba,5501
550201,Curazo,5502
550202,Cyunuzi,5502
550203,Muganza,5502
550204,Nyamiryango,5502
550205,Rwabutazi,5502
550206,Rwantonde,5502
550301,Cyanya,5503
550302,Kigarama,5503
550303,Kiremera,5503
550304,Nyakerera,5503
550305,Nyankurazo,5503
550401,Gatarama,5504
550402,Rugarama,5504
550403,Ruhanga,5504
550404,Rwanteru,5504
550501,Gahama,5505
550502,Kirehe,5505
550503,Nyabigega,5505
550504,Nyabikokora,5505
550505,Rwesero,5505
550601,Kamombo,5506
550602,Mwoga,5506
550603,Saruhembe,5506
550604,Umunini,5506
550701,Bwiyorere,5507
550702,Kankobwa,5507
550703,Mpanga,5507
550704,Mushongi,5507
550705,Nasho,5507
550706,Nyakabungo,5507
550707,Rubaya,5507
550801,Gasarabwayi,5508
550802,Kabuga,5508
550803,Mubuga,5508
550804,Musaza,5508
550805,Nganda,5508
550901,Bisagara,5509
550902,Cyamigurwa,5509
550903,Rugarama,5509
550904,Rwanyamuhanga,5509
550905,Rwayikona,5509
551001,Cyambwe,5510
551002,Kagese,5510
551003,Ntaruka,5510
551004,Rubirizi,5510
551005,Rugoma,5510
551101,Bukora,5511
551102,Kagasa,5511
551103,Kazizi,5511
551104,Kiyanzi,5511
551105,Nyamugari,5511
551201,Mareba,5512
551202,Nyabitare,5512
551203,Nyarutunga,5512
560101,Cyerwa,5601
560102,Giseri,5601
560103,Munege,5601
560104,Mutsindo,5601
560201,Ihanika,5602
560202,Jarama,5602
560203,Karenge,5602
560204,Kibimba,5602
560205,Kigoma,5602
560301,Akaziba,5603
560302,Karaba,5603
560303,Nyamirambo,5603
560401,Birenga,5604
560402,Gahurire,5604
560403,Karama,5604
560404,Kinyonzo,5604
560405,Umukamba,5604
560501,Cyasemakamba,5605
560502,Gahima,5605
560503,Gatonde,5605
560504,Karenge,5605
560505,Mahango,5605
560601,Akabungo,5606
560602,Mugatare,5606
560603,Ntanga,5606
560604,Nyamugari,5606
560605,Nyange,5606
560701,Gitaraga,5607
560702,Kigabiro,5607
560703,Mvumba,5607
560704,Rurenge,5607
560705,Sakara,5607
560801,Karwema,5608
560802,Kibare,5608
560803,Mutenderi,5608
560804,Muzingira,5608
560805,Nyagasozi,5608
560901,Bugera,5609
560902,Kinunga,5609
560903,Ndekwe,5609
560904,Nyamagana,5609
561001,Buliba,5610
561002,Kibatsi,5610
561003,Nyaruvumu,5610
561004,Nyinya,5610
561101,Gituza,5611
561102,Ntovi,5611
561103,Rubago,5611
561104,Rubona,5611
561105,Rwintashya,5611
561201,Akagarama,5612
561202,Muhurire,5612
561203,Musya,5612
561204,Rugese,5612
561205,Rujambara,5612
561206,Rwikubo,5612
561301,Gafunzo,5613
561302,Kibonde,5613
561303,Nkanga,5613
561304,Rukoma,5613
561401,Nyagasozi,5614
561402,Nyagatugunda,5614
561403,Ruhembe,5614
561404,Ruhinga,5614
570101,Biryogo,5701
570102,Kabuye,5701
570103,Kagomasi,5701
570104,Mwendo,5701
570105,Ramiro,5701
570201,Juru,5702
570202,Kabukuba,5702
570203,Mugorore,5702
570204,Musovu,5702
570205,Rwinume,5702
570301,Biharagu,5703
570302,Burenge,5703
570303,Kampeka,5703
570304,Nyakayaga,5703
570305,Tunda,5703
570401,Bushenyi,5704
570402,Gakomeye,5704
570403,Nyamigina,5704
570404,Rango,5704
570405,Rugarama,5704
570501,Gakamba,5705
570502,Kagenge,5705
570503,Kibenga,5705
570504,Kibirizi,5705
570505,Mbyo,5705
570601,Gicaca,5706
570602,Musenyi,5706
570603,Nyagihunika,5706
570604,Rulindo,5706
570701,Bitaba,5707
570702,Kagasa,5707
570703,Rugunga,5707
570704,Rurenge,5707
570801,Gihembe,5708
570802,Murama,5708
570803,Ngeruka,5708
570804,Nyakayenzi,5708
570805,Rutonde,5708
570901,Cyugaro,5709
570902,Kanzenze,5709
570903,Kibungo,5709
571001,Kanazi,5710
571002,Kayumba,5710
571003,Maranyundo,5710
571004,Murama,5710
571005,Nyamata y' Umujyi,5710
571101,Gihinga,5711
571102,Kabuye,5711
571103,Murambi,5711
571104,Ngenda,5711
571105,Rugando,5711
571201,Kabeza,5712
571202,Karera,5712
571203,Kimaranzara,5712
571204,Ntarama,5712
571205,Nyabagendwa,5712
571301,Bihari,5713
571302,Gatanga,5713
571303,Gikundamvura,5713
571304,Kindama,5713
571305,Ruhuha,5713
571401,Batima,5714
571402,Kintambwe,5714
571403,Mazane,5714
571404,Nemba,5714
571405,Nkanga,5714
571406,Sharita,5714
571501,Kabagugu,5715
571502,Kamabuye,5715
571503,Nziranziza,5715
571504,Rebero,5715
571505,Rutare,5715
2401003,Karama,2410
